title,q8_prefix
Fire,126
(#1.8),22
Dirty Deeds Done Cheap,114
(2010-12-04),66
Naked Stranger,176
Akudama junen,80
Hermann Heinzel ou Le point de vue de l'echassier,137
(1950-12-15),39
(#1.157),6
The Long Bow Hunter,227
(1988-05-20),43
A New Day Begins,76
(2008-01-11),63
The Making of Beached Az: The Soundtrack,227
Europas Angst vor radikalen Islamisten,122
Son of the Pink Panther,208
(#1.6),19
Thundering Hooves,237
Fatman Show,124
(#1.23),9
(2001-06-10),51
Sana ay ikaw na nga,200
Orosia,184
Les gens de peu,161
Audrey the Octopus,86
Coup Stick,104
(#1.9),23
Flytten,127
La Jolla,156
Chung To: Close Up & Personal,101
When Mouse Arrived for Christmas,250
Kiss and Tell,153
Amor e Tremoços,82
Southern Hospitality 1,209
Everybody Hates the Gout,122
Thomas P.,236
(1995-04-01),45
Mad Day Live,166
(#4.4),35
Ein Schwein namens Daisy,118
(#5.6),36
(#2.2),28
Josh Simpson: L'Arte Vertraria,149
Channel 8 News,99
The Lilli Palmer Show,227
Shi Jian Dang An Guan,204
MOON: Prologue in Dreams,173
The Harvest,224
Sand,200
Hercules: Power of the Gods,137
Mine tossede drenge,171
(2008-11-20),63
(#1.128),4
Aftershocks,80
The Love Circle Overlap,227
(#1.221),9
Why Grow Fat Hogs?,250
Quadrille en robes,193
Spring Reality Check,210
Take This Job,215
(#1.10),1
Rearview: Ashlyn Gere,195
Best of the Game 3,90
Jagande efter vind,147
The Caddies,219
Fabrika grez,123
Verbotene Früchte,245
Parrish Goes Hollywood,186
The Case of the Gilded Cage,219
(2007-05-17),61
(#2.13),27
Mexico Whitetail,170
Past Forgiveness,186
(2000-07-10),50
From Nurse to Worse,129
The Butcher's Picnic,219
Undigable Hosts,243
Yôtô monogatari: hana no Yoshiwara hyakunin-giri,254
The Bishop of the Arctic,218
(2007-01-02),61
Secret Double Agent,202
Chris T,101
Humph! Humph! Humph!,141
Incident in India,144
MTV Revue with Everclear,174
Kaze no naka no shoujo,151
Boston Girls,94
(#7.52),38
(2005-07-19),58
"Nellie, Daniel, Emma, and Ben",177
(#2.17),27
Newest Hits,178
(2010-09-28),66
"The Very Minute, Unfinished",235
Selling Yourself,203
(#10.89),24
Salvation,200
Blutspur,93
Burlesque Queen and Country Photographer,96
Client 14,102
Freedom vs Fit,128
Laßt Blumen sprechen,159
(2001-10-06),51
Where's Jeff,250
Beyond the Rockies,91
Sir Alec Guinness,206
Deer Hunt in the South of France,110
Storytime with Garfield Andrews,211
Blink of an Eye,93
Double Take,116
To kalokairi irthe noris,238
Lazni car,159
That's What I Am: Bloopers,217
Finding: 'Equilibrium',126
Semerah cinta stilleto,203
Zusje,255
Culture,106
(#59.63),37
(#3.92),33
Vestale,246
2012 the Year in Review,73
Home Invasion,139
Brüche,96
Swimmin' in the Rain,214
Kill the Ninja,152
Lucy Visits Grauman's,165
(#6.1),37
Bobcat Goldthwait,93
Dexter/Burgess: Part 1,112
Dead Pretty,109
The Final Showdown,223
Mahô yo tokero!,166
Chôdenji mashin Borutesu Faibu,101
Expendabelles,123
(2003-04-26),54
Spinifex Man,209
131,72
Le distrazioni di Cuttica,159
Francesca,128
Roll Up! Roll Up!,198
Grave of the Fireflies,133
The Negotiation Episode,229
(#1.2),8
(#1.2326),9
(1996-05-11),46
Totes Erbe,239
La guerra de los pasteles,156
(1992-03-25),44
(#1.15),5
Hindi susuko ang pusong mapaghiganti,138
A Cook,75
(2011-07-11),68
(2004-01-07),56
Keep on Running: Part 1,151
(#8.122),38
(#1.54),17
Fashion First,124
(2011-08-30),68
Finding Joy,126
(#1.14),5
The Local Touch,227
(#5.44),36
Eighteen,118
Star Power,210
(#2.3),28
Playing Social,189
(#1.8454),22
Anamnesis,83
(#1.7),21
Story Book Ending/Power of Suggestion,211
Blonde and Blonder,93
"Have You Smurfed Your Pet, Today?/Unsound Smurfs",136
A Family Picnic,75
Morze,173
(#4.4),35
Honey Mommy,140
Mornings with Irene,173
Xander & Carrie,252
Capitalism vs. Marxism,98
Ilk Kan Habil ile Kabil,143
(#1.352),13
(2004-10-24),56
Tenchu san,216
Ticking All the Boxes,237
Nylons 6,180
Johnny on the Spot,149
(#30.79),33
"What Now, Catherine Curtis?",249
Höhere Beträge,141
Time of Terror,237
(1967-11-21),40
(2002-05-27),53
Vegas Hookers,245
(1989-01-26),44
Art Hist. 101,85
Seksiä ja väkivaltaa,203
(1993-10-02),44
Loose Relations,164
(2010-12-13),66
(1971-10-28),41
